{
  "CS": {
    "min": 911294948,
    "max": 1255070491,
    "mean": 1089754277.9579833,
    "median": 1086889963.0,
    "std": 113657026.5343377,
    "skew": 0.04624639070510704
  },
  "VS": {
    "min": 72639280.18,
    "max": 106311596.8,
    "mean": 91417415.20893556,
    "median": 90151378.06,
    "std": 7396555.52554855,
    "skew": -0.27752621073354017
  },
  "PR": {
    "min": 0.0758731,
    "max": 0.094135275,
    "mean": 0.08418775028291317,
    "median": 0.083675845,
    "std": 0.00458951919819894,
    "skew": 0.4577903722819177
  },
  "PSI": {
    "min": 0.686930672,
    "max": 1.354769314,
    "mean": 1.0030854231316526,
    "median": 1.004024084,
    "std": 0.07571729931800016,
    "skew": 0.24092749685836112
  },
  "LAR": {
    "min": 0.077100221,
    "max": 1.243279427,
    "mean": 0.28350541901960785,
    "median": 0.220365677,
    "std": 0.19308285305855305,
    "skew": 2.0786527079391175
  },
  "VPI": {
    "min": 0.149727974,
    "max": 0.646456053,
    "mean": 0.361792011140056,
    "median": 0.347750749,
    "std": 0.12741554224119603,
    "skew": 0.3706711388573733
  },
  "Actual VPI": {
    "min": 0.000116788,
    "max": 0.197784284,
    "mean": 0.017903923316526613,
    "median": 0.007952449,
    "std": 0.03774215673252889,
    "skew": 3.716085985595918
  }
}