{
  "monthly_statistics": {
    "PR": {
      "monthly_data": {
        "2024-12": {
          "min": 0.0825620556666682,
          "max": 0.0827591861851929,
          "avg": 0.0826888863456963,
          "median": 0.0826915610431671,
          "std": 3.3131102787524564e-05
        },
        "2025-01": {
          "min": 0.0826911960841746,
          "max": 0.0826916702694314,
          "avg": 0.08269137076330065,
          "median": 0.0826913651696943,
          "std": 7.585220727599007e-08
        },
        "2025-02": {
          "min": 0.0826913655850803,
          "max": 0.0826913662497909,
          "avg": 0.08269136584474579,
          "median": 0.08269136583473215,
          "std": 1.2249969063104519e-10
        },
        "2025-03": {
          "min": 0.0826913658324311,
          "max": 0.0826913658350511,
          "avg": 0.08269136583346359,
          "median": 0.0826913658334566,
          "std": 4.048022903763754e-13
        },
        "2025-04": {
          "min": 0.0826913658334608,
          "max": 0.0826913658334952,
          "avg": 0.08269136583347979,
          "median": 0.0826913658334798,
          "std": 9.521333612021691e-15
        },
        "2025-05": {
          "min": 0.0826913658334963,
          "max": 0.0826913658335279,
          "avg": 0.08269136583351212,
          "median": 0.0826913658335121,
          "std": 9.587881610782827e-15
        },
        "2025-06": {
          "min": 0.082691365833529,
          "max": 0.0826913658335596,
          "avg": 0.08269136583354429,
          "median": 0.0826913658335443,
          "std": 9.282847224512147e-15
        },
        "2025-07": {
          "min": 0.0826913658335606,
          "max": 0.0826913658335923,
          "avg": 0.08269136583357646,
          "median": 0.0826913658335765,
          "std": 9.595311303862873e-15
        },
        "2025-08": {
          "min": 0.0826913658335933,
          "max": 0.082691365833625,
          "avg": 0.08269136583360916,
          "median": 0.0826913658336092,
          "std": 9.591090661840478e-15
        },
        "2025-09": {
          "min": 0.082691365833626,
          "max": 0.0826913658336566,
          "avg": 0.08269136583364133,
          "median": 0.08269136583364134,
          "std": 9.290187396879814e-15
        },
        "2025-10": {
          "min": 0.0826913658336577,
          "max": 0.0826913658336893,
          "avg": 0.0826913658336735,
          "median": 0.0826913658336735,
          "std": 9.588088171179197e-15
        },
        "2025-11": {
          "min": 0.0826913658336904,
          "max": 0.082691365833721,
          "avg": 0.08269136583370566,
          "median": 0.08269136583370565,
          "std": 9.2845354630031e-15
        },
        "2025-12": {
          "min": 0.082691365833722,
          "max": 0.0826913658337537,
          "avg": 0.08269136583373783,
          "median": 0.0826913658337378,
          "std": 9.59124193303939e-15
        }
      },
      "overall_stats": {
        "min": 0.0825620556666682,
        "max": 0.0827591861851929,
        "avg": 0.08269117211896886,
        "median": 0.08269136583359704,
        "std": 9.154924820371516e-06
      }
    },
    "PSI": {
      "monthly_data": {
        "2024-12": {
          "min": 0.9938314669083332,
          "max": 1.041967758624583,
          "avg": 1.0203416795325797,
          "median": 1.0210766479766924,
          "std": 0.00726595591415169
        },
        "2025-01": {
          "min": 1.0210135815790948,
          "max": 1.0210919119345645,
          "avg": 1.0210601219456221,
          "median": 1.0210602184799067,
          "std": 1.2480680567984625e-05
        },
        "2025-02": {
          "min": 1.0210602646756086,
          "max": 1.0210604406743211,
          "avg": 1.0210603413967054,
          "median": 1.0210603398292852,
          "std": 2.7294440626372617e-08
        },
        "2025-03": {
          "min": 1.0210603398482925,
          "max": 1.021060342371163,
          "avg": 1.0210603411479557,
          "median": 1.0210603411542032,
          "std": 7.366704257388612e-10
        },
        "2025-04": {
          "min": 1.02106034245326,
          "max": 1.0210603448354842,
          "avg": 1.021060343644618,
          "median": 1.0210603436446148,
          "std": 7.230163662633784e-10
        },
        "2025-05": {
          "min": 1.0210603449176123,
          "max": 1.021060347381465,
          "avg": 1.0210603461495384,
          "median": 1.021060346149538,
          "std": 7.467216741597667e-10
        },
        "2025-06": {
          "min": 1.0210603474635935,
          "max": 1.0210603498453186,
          "avg": 1.021060348654456,
          "median": 1.021060348654456,
          "std": 7.230103742062115e-10
        },
        "2025-07": {
          "min": 1.0210603499274475,
          "max": 1.021060352391301,
          "avg": 1.0210603511593743,
          "median": 1.0210603511593743,
          "std": 7.467219517524794e-10
        },
        "2025-08": {
          "min": 1.0210603524734292,
          "max": 1.0210603549372836,
          "avg": 1.0210603537053566,
          "median": 1.0210603537053566,
          "std": 7.46721940355727e-10
        },
        "2025-09": {
          "min": 1.0210603550194115,
          "max": 1.0210603574011377,
          "avg": 1.0210603562102747,
          "median": 1.0210603562102747,
          "std": 7.230104350882703e-10
        },
        "2025-10": {
          "min": 1.0210603574832662,
          "max": 1.0210603599471193,
          "avg": 1.0210603587151925,
          "median": 1.0210603587151927,
          "std": 7.467219183762828e-10
        },
        "2025-11": {
          "min": 1.0210603600292485,
          "max": 1.0210603624109738,
          "avg": 1.0210603612201108,
          "median": 1.021060361220111,
          "std": 7.230103950800692e-10
        },
        "2025-12": {
          "min": 1.0210603624931018,
          "max": 1.0210603649569563,
          "avg": 1.021060363725029,
          "median": 1.0210603637250293,
          "std": 7.467219550086986e-10
        }
      },
      "overall_stats": {
        "min": 0.9938314669083332,
        "max": 1.041967758624583,
        "avg": 1.0210040738623525,
        "median": 1.021060351446824,
        "std": 0.002011728336893086
      }
    },
    "VPI": {
      "monthly_data": {
        "2024-12": {
          "min": 0.1526013793481092,
          "max": 0.1576192223842058,
          "avg": 0.15512408038953843,
          "median": 0.1550363215958734,
          "std": 0.0008801566548566271
        },
        "2025-01": {
          "min": 0.1550286844641643,
          "max": 0.1550393856412733,
          "avg": 0.15503422702736225,
          "median": 0.1550342907462964,
          "std": 1.7510581306963504e-06
        },
        "2025-02": {
          "min": 0.155034318031363,
          "max": 0.1550344422461606,
          "avg": 0.15503438516343607,
          "median": 0.15503438576133416,
          "std": 3.5310726950359125e-08
        },
        "2025-03": {
          "min": 0.1550344463681097,
          "max": 0.1550345723066064,
          "avg": 0.15503450934441473,
          "median": 0.1550345093430602,
          "std": 3.816497614801061e-08
        },
        "2025-04": {
          "min": 0.1550345765040832,
          "max": 0.1550346982290778,
          "avg": 0.15503463736654385,
          "median": 0.15503463736654674,
          "std": 3.695156958476327e-08
        },
        "2025-05": {
          "min": 0.1550347024264931,
          "max": 0.1550348283489351,
          "avg": 0.15503476538771838,
          "median": 0.1550347653877207,
          "std": 3.816340308920779e-08
        },
        "2025-06": {
          "min": 0.1550348325463488,
          "max": 0.1550349542713245,
          "avg": 0.1550348934088407,
          "median": 0.15503489340884286,
          "std": 3.69515406178828e-08
        },
        "2025-07": {
          "min": 0.1550349584687367,